{
  "Chiffre 0": {
    "precision": 0.9938962360122076,
    "recall": 0.996938775510204,
    "f1-score": 0.9954151808456444,
    "support": 980.0
  },
  "Chiffre 1": {
    "precision": 0.9955947136563876,
    "recall": 0.9955947136563876,
    "f1-score": 0.9955947136563876,
    "support": 1135.0
  },
  "Chiffre 2": {
    "precision": 0.9951550387596899,
    "recall": 0.9951550387596899,
    "f1-score": 0.9951550387596899,
    "support": 1032.0
  },
  "Chiffre 3": {
    "precision": 0.9911242603550295,
    "recall": 0.995049504950495,
    "f1-score": 0.9930830039525692,
    "support": 1010.0
  },
  "Chiffre 4": {
    "precision": 0.9948979591836735,
    "recall": 0.9928716904276986,
    "f1-score": 0.9938837920489296,
    "support": 982.0
  },
  "Chiffre 5": {
    "precision": 0.9888017917133258,
    "recall": 0.9899103139013453,
    "f1-score": 0.9893557422969188,
    "support": 892.0
  },
  "Chiffre 6": {
    "precision": 0.9947643979057592,
    "recall": 0.9916492693110647,
    "f1-score": 0.9932043910088866,
    "support": 958.0
  },
  "Chiffre 7": {
    "precision": 0.9912790697674418,
    "recall": 0.995136186770428,
    "f1-score": 0.9932038834951457,
    "support": 1028.0
  },
  "Chiffre 8": {
    "precision": 0.9968976215098242,
    "recall": 0.9897330595482546,
    "f1-score": 0.9933024214322514,
    "support": 974.0
  },
  "Chiffre 9": {
    "precision": 0.9900891972249752,
    "recall": 0.9900891972249752,
    "f1-score": 0.9900891972249752,
    "support": 1009.0
  },
  "accuracy": 0.9933,
  "macro avg": {
    "precision": 0.9932500286088315,
    "recall": 0.9932127750060543,
    "f1-score": 0.9932287364721398,
    "support": 10000.0
  },
  "weighted avg": {
    "precision": 0.9933052268642414,
    "recall": 0.9933,
    "f1-score": 0.9932999874436262,
    "support": 10000.0
  }
}